unique_id,n_obs,estado,regimen,ganador,mase_naive,mase_seasonal_naive,mase_ganador,structural_filter
M1353,48,ok,estacional_con_tendencia,auto_sarima,1.5237823981771577,0.8174309313585874,0.7924137038953575,True
M206,48,ok,no_estacional_plano,linear_regression,0.8263565891472868,1.5573643410852713,1.0581528736300359,True
M1041,48,ok,no_estacional_plano,auto_arima,1.7578499609454221,5.62404281269992,1.6599132154780303,True
M516,48,ok,no_estacional_plano,mean,0.5575585072738773,0.5640417457305503,0.8682001317508936,True
M201,48,ok,estacional_con_tendencia,holt,1.3660714285714286,1.0580357142857144,1.0682067905159018,True
M1143,48,ok,no_estacional_plano,holt,1.0519502859685337,4.758616009288643,1.46409443731726,True
M914,48,ok,no_estacional_con_tendencia,auto_arima,0.6972584105595998,2.145666573220225,0.9562122988379552,True
M100,48,ok,estacional_con_tendencia,auto_theta,1.0315265486725664,1.095132743362832,0.8075938670484153,True
M635,48,ok,no_estacional_plano,auto_arima,0.6668343393695506,2.9010731052984577,0.5277943379799873,True
M708,48,ok,estacional_plano,auto_ets,0.8564973971122679,0.7435418917591593,0.6319849599078039,True
M750,48,ok,estacional_plano,auto_sarima,0.8297469915846605,0.36347687837504455,0.23201347691097965,True
M1414,48,ok,no_estacional_con_tendencia,holt,1.1507840168770607,11.43391733351546,0.9743168945030236,True
M899,48,ok,no_estacional_con_tendencia,naive,1.2037867443182078,7.922056530337263,1.2037867443182078,True
M353,48,ok,no_estacional_plano,mean,0.5556516724336793,0.8275663206459055,0.5802642081426191,True
M223,48,ok,no_estacional_plano,linear_regression,0.4146877748460862,0.7031662269129287,0.36058648543647864,True
M362,48,ok,no_estacional_plano,holt,0.7220790378006872,1.0214776632302405,0.5633724832892839,True
M905,48,ok,no_estacional_plano,holt,0.38178801819996233,5.242852518837045,0.6372379475670019,True
M474,48,ok,no_estacional_plano,auto_arima,0.3472806011972997,0.561393453063304,0.38992458330284924,True
M460,48,ok,no_estacional_con_tendencia,naive,0.6584201388888888,0.9253472222222223,0.6584201388888888,True
M662,48,ok,estacional_con_tendencia,seasonal_naive,0.8502710027100271,1.0840108401084012,1.0840108401084012,True
M792,48,ok,no_estacional_plano,moving_average,1.679089583173409,2.2681609989508966,1.1457954845918306,True
M1177,48,ok,estacional_con_tendencia,seasonal_naive,0.9302752293577982,0.6899082568807339,0.6899082568807339,True
M604,48,ok,no_estacional_con_tendencia,auto_arima,0.780130597069822,0.8596744206316778,0.5098637036763151,True
M1303,48,ok,no_estacional_plano,ses,1.2424242424242424,7.0995670995671,1.2253127735117557,True
M695,48,ok,estacional_con_tendencia,seasonal_naive,1.148095043015158,0.7394510446538304,0.7394510446538304,True
M745,48,ok,estacional_plano,auto_ets,1.8047405806053118,1.0291846819024089,0.8865113983162507,True
M932,48,ok,estacional_plano,holt_winters,2.9427613459465936,2.461860854987427,0.8121847799082269,True
M126,48,ok,no_estacional_plano,mean,0.4628884417616812,0.5087189805499664,0.5449443754041456,True
M1060,48,ok,no_estacional_con_tendencia,holt,0.5090716900164078,8.313975135680927,0.6396746199326321,True
M1366,48,ok,no_estacional_plano,ses,0.8271929824561403,3.057017543859649,0.8343392562942524,True
M547,48,ok,no_estacional_plano,naive,1.1750851305334846,3.067631479379493,1.1750851305334846,True
M267,48,ok,no_estacional_con_tendencia,auto_arima,1.386892177589852,1.069062720225511,0.8364473612886779,True
M623,48,ok,estacional_con_tendencia,holt_winters,1.206070287539936,0.830670926517572,0.7191288888101359,True
M764,48,ok,estacional_plano,auto_theta,2.142857142857143,1.7293233082706767,0.9717612520600122,True
M150,48,ok,no_estacional_plano,holt,0.22456964006259783,0.8341158059467918,0.19862249475865063,True
M380,48,ok,no_estacional_plano,auto_arima,1.5031288260100666,0.9853534666485285,0.7817296751901024,True
M709,48,ok,no_estacional_plano,linear_regression,0.7997362210190198,1.0131889490490074,0.6030226767664001,True
M450,48,ok,no_estacional_plano,auto_arima,0.6344912046314851,0.46559786239144957,0.5783883880352333,True
M802,48,ok,estacional_con_tendencia,holt_winters,1.8480814408770554,0.5716523101018011,0.523698843442456,True
M728,48,ok,no_estacional_plano,auto_arima,0.9962901131515489,1.1521981079577073,1.2964545854082496,True
M607,48,ok,no_estacional_plano,linear_regression,0.6200378071833648,2.1249212350346567,1.6704493494500163,True
M279,48,ok,estacional_con_tendencia,holt_winters,0.9893992932862191,1.1071849234393403,0.6050691536131448,True
M1121,48,ok,no_estacional_con_tendencia,naive,0.08928040946505321,0.6306738528711379,0.08928040946505321,True
M428,48,ok,estacional_plano,naive,0.8952287260206592,0.8976881455976391,0.8952287260206592,True
M1035,48,ok,no_estacional_con_tendencia,ses,0.7022015095430243,1.0403702715621213,0.6980605158072227,True
M270,48,ok,no_estacional_con_tendencia,linear_regression,0.8291111111111111,1.2937777777777777,1.1844013392087627,True
M1073,48,ok,no_estacional_plano,naive,1.1431498307500445,3.875022269730982,1.1431498307500445,True
M587,48,ok,no_estacional_plano,holt,0.9695603156708005,0.6200676437429538,1.0148047573747438,True
M391,48,ok,estacional_plano,auto_arima,0.9401860166773572,0.9160786829163994,0.91128928010874,True
M225,48,ok,no_estacional_con_tendencia,ses,0.7017396184062851,0.6212121212121212,0.5586289086848841,True
M401,48,ok,estacional_plano,auto_arima,0.44826503375726173,0.5534620819594913,0.711175835236104,True
M1273,48,ok,no_estacional_plano,ses,0.7125668449197862,2.9648760330578514,0.7178952549047092,True
M891,48,ok,no_estacional_plano,naive,1.1281446540880502,4.029088050314465,1.1281446540880502,True
M1323,48,ok,no_estacional_con_tendencia,auto_theta,0.8158863404470101,0.9530769063698248,0.4986402024681029,True
M434,48,ok,no_estacional_plano,mean,0.7844628861226373,0.7372060857538036,0.7495147870835112,True
M142,48,ok,no_estacional_con_tendencia,holt,0.6972789115646258,1.1993197278911565,0.8006889267677798,True
M943,48,ok,estacional_plano,auto_sarima,0.5191107963058817,1.3489252731086714,0.48928947620911245,True
M493,48,ok,no_estacional_plano,auto_sarima,0.1564626401301858,1.6025982092928293,0.19065890819246617,True
M1256,48,ok,no_estacional_plano,naive,0.6843569441472288,0.8993152150652686,0.6843569441472288,True
M75,48,ok,no_estacional_con_tendencia,linear_regression,0.28494208494208495,0.32847490347490343,0.2458200140198322,True
M539,48,ok,no_estacional_plano,naive,1.1196200653012764,2.5982487384980706,1.1196200653012764,True
M20,48,ok,no_estacional_con_tendencia,linear_regression,1.054749340369393,1.343227792436236,1.1221515641074695,True
M440,48,ok,no_estacional_plano,linear_regression,0.6591785045699814,0.9413610835811035,0.6502308691405652,True
M214,48,ok,no_estacional_con_tendencia,weighted_moving_average,0.6243654822335026,0.7655910079767948,0.7585297316896302,True
M1400,48,ok,no_estacional_con_tendencia,holt,0.7660131344548065,7.934730958566523,0.6086592879026426,True
M1378,48,ok,estacional_plano,mean,1.6059787788296587,0.8787512972022787,1.0491435161161131,True
M1396,48,ok,estacional_plano,auto_ets,1.9057815845824413,0.5781584582441114,0.48535614500651086,True
M72,48,ok,no_estacional_plano,mean,0.894526207074619,1.2332816937774336,0.8460029605062556,True
M276,48,ok,no_estacional_con_tendencia,ses,0.40221114917471196,0.515000519049102,0.27432168057807355,True
M522,48,ok,no_estacional_con_tendencia,ses,0.46621943096393564,1.172376058616424,1.3150398678508477,True
M609,48,ok,no_estacional_plano,weighted_moving_average,0.6052006215154009,1.5926332145142128,0.6448290832647839,True
M1080,48,ok,estacional_plano,auto_ets,0.5789473684210527,0.6842105263157895,0.23795885379793139,True
M636,48,ok,no_estacional_plano,mean,0.8029166666666667,0.9054166666666666,0.7035569265344638,True
M771,48,ok,no_estacional_plano,auto_sarima,0.8115849777211968,1.9414385741565883,0.5090564872197773,True
M1338,48,ok,estacional_plano,auto_ets,0.520745200130166,0.42914090465343313,0.35429589596201766,True
M1014,48,ok,no_estacional_plano,auto_arima,0.8781811790153664,3.218961931500677,1.0560236381777783,True
M725,48,ok,no_estacional_plano,holt,0.9699055304366467,2.0261315499088677,1.500453724883142,True
M666,48,ok,estacional_plano,auto_sarima,0.8426113360323888,1.3183198380566803,0.44493826279095133,True
M1251,48,ok,no_estacional_plano,holt,0.6357385446244641,2.30498023495351,1.3294218445139343,True
M615,48,ok,estacional_con_tendencia,holt,0.6506598240469208,0.6359970674486803,0.5178347413555688,True
M1011,48,ok,estacional_plano,holt_winters,0.7622641247230638,1.6882190875318166,0.5053909805651681,True
M689,48,ok,estacional_plano,auto_theta,7.45937318630296,0.9852002321532212,1.3943170760628272,True
M1307,48,ok,no_estacional_plano,naive,1.193121693121693,3.3624338624338623,1.193121693121693,True
M1155,48,ok,no_estacional_plano,naive,0.13877671288407953,0.32326693527130324,0.13877671288407953,True
M680,48,ok,estacional_plano,auto_sarima,0.5285118219749653,1.7524339360222532,0.5116013951767334,True
M533,48,ok,no_estacional_plano,naive,6.305467372134039,5.563080540858319,6.305467372134039,True
M1217,48,ok,no_estacional_plano,ses,0.6700165257333466,0.746067153042678,0.6815067853832905,True
M510,48,ok,estacional_plano,auto_sarima,1.705574912891986,2.0165505226480835,1.3788519836567428,True
M300,48,ok,no_estacional_con_tendencia,linear_regression,0.47861635220125787,0.8213836477987421,0.3382123648559333,True
M250,48,ok,no_estacional_con_tendencia,ses,0.9288600288600288,0.7927849927849928,0.6107977596496894,True
M816,48,ok,no_estacional_con_tendencia,holt,0.14763374485596706,4.165380658436214,0.11878899307842747,True
M369,48,ok,no_estacional_plano,linear_regression,1.1781609195402298,0.997971602434077,1.018614707255139,True
M880,48,ok,no_estacional_plano,naive,0.7805867665418227,3.2119225967540572,0.7805867665418227,True
M74,48,ok,no_estacional_con_tendencia,linear_regression,1.0935804701627487,0.8201853526220615,0.5969514626628978,True
M224,48,ok,no_estacional_con_tendencia,holt,1.2337962962962963,1.2337962962962963,0.6228167502790721,True
M1015,48,ok,no_estacional_plano,auto_arima,0.5261856960904949,1.5759018198303218,0.48685335756298426,True
M727,48,ok,estacional_plano,seasonal_naive,0.5738786279683378,0.2836411609498681,0.2836411609498681,True
M1265,48,ok,no_estacional_con_tendencia,auto_arima,1.8101735236495942,9.08816120906801,1.6780236194666915,True
M1190,48,ok,no_estacional_con_tendencia,naive,1.1288786174208294,4.983898419018688,1.1288786174208294,True
M346,48,ok,estacional_plano,weighted_moving_average,0.9838709677419355,0.8774193548387097,0.7367741935483874,True
M681,48,ok,estacional_plano,auto_ets,0.8282582216808769,0.4445797807551766,0.17150084631466248,True
M128,48,ok,no_estacional_plano,moving_average,0.6417089678510998,1.031937394247039,0.5318668922729836,True
M238,48,ok,no_estacional_con_tendencia,holt,1.0029569892473118,0.6392473118279569,0.6555561537278735,True
M565,48,ok,estacional_plano,seasonal_naive,1.3974663499604119,1.250989707046714,1.250989707046714,True
M490,48,ok,estacional_plano,holt,1.7798929570611846,1.058873616348376,1.5346105024141306,True
M829,48,ok,estacional_plano,auto_sarima,0.4824561403508772,0.37719298245614036,0.3456125265176237,True
M443,48,ok,no_estacional_con_tendencia,auto_arima,0.5203501094091904,0.4754923413566739,0.4443952259634232,True
M762,48,ok,estacional_con_tendencia,seasonal_naive,0.6578094620868438,1.0628645495787425,1.0628645495787425,True
M1064,48,ok,estacional_con_tendencia,auto_theta,1.9871794871794872,2.264957264957265,0.279118360810406,True
M476,48,ok,estacional_plano,seasonal_naive,4.249966445035092,1.6968950197379717,1.6968950197379717,True
M935,48,ok,estacional_con_tendencia,auto_sarima,1.1694677914687426,1.6512821382572032,0.33529725976006713,True
M78,48,ok,no_estacional_con_tendencia,holt,0.5438596491228069,0.7631578947368421,0.6278926082082612,True
M87,48,ok,no_estacional_plano,linear_regression,1.565304755525787,1.7026121902210314,0.7993037510746352,True
M496,48,ok,estacional_con_tendencia,auto_theta,1.0,0.6851851851851851,0.6830394230824106,True
M535,48,ok,no_estacional_con_tendencia,linear_regression,0.5647682119205298,0.5086534216335541,0.36140121562215544,True
M110,48,ok,estacional_con_tendencia,ses,0.5642633228840126,1.1755485893416928,0.5194741196273303,True
M1074,48,ok,estacional_con_tendencia,auto_arima,2.7941176470588234,1.2745098039215685,3.0585065185471283,True
M383,48,ok,estacional_con_tendencia,auto_theta,0.6194498592159411,0.571799870045484,0.4731026174326407,True
M258,48,ok,no_estacional_con_tendencia,linear_regression,0.5844298245614036,0.8391812865497076,0.53651301940713,True
M736,48,ok,no_estacional_plano,ses,0.5151377535573721,0.9744171964880411,0.5115163412634728,True
M1282,48,ok,no_estacional_con_tendencia,holt,0.586552217453505,1.7889842632331903,0.6202221424954552,True
M64,48,ok,no_estacional_plano,mean,0.6091987365435442,0.5391607039257397,0.3553073488887157,True
M970,48,ok,no_estacional_con_tendencia,holt,0.7609966946351385,3.7085558098143907,0.5683693316098908,True
M394,48,ok,estacional_con_tendencia,holt_winters,0.8856259659969089,0.6877897990726429,0.9455947579627759,True
M747,48,ok,estacional_plano,seasonal_naive,1.4860005894488655,0.6147951665193044,0.6147951665193044,True
M132,48,ok,estacional_plano,auto_arima,0.8896103896103896,1.2402597402597402,0.7476251541733588,True
M216,48,ok,no_estacional_plano,linear_regression,0.9046095800524934,1.1635498687664043,1.0057751272238495,True
M85,48,ok,no_estacional_con_tendencia,naive,1.2589427033871479,2.336182336182336,1.2589427033871479,True
M1395,48,ok,estacional_plano,auto_sarima,1.6880341880341878,1.7094017094017095,1.3042885570285747,True
M979,48,ok,no_estacional_plano,holt,0.8618618618618619,5.609344638756404,0.8529219376356607,True
M135,48,ok,no_estacional_con_tendencia,auto_arima,1.1430303030303028,1.2672727272727273,0.8296126313934212,True
M812,48,ok,no_estacional_con_tendencia,linear_regression,0.37389504307933313,3.6059080228264517,0.593541695401863,True
M103,48,ok,no_estacional_con_tendencia,linear_regression,1.147582697201018,1.2606022052586938,0.8276433135983399,True
M303,48,ok,estacional_plano,holt,0.677570093457944,0.5529595015576324,0.6646820011990647,True
M1417,48,ok,no_estacional_con_tendencia,naive,0.6399599046835363,5.3706955965149135,0.6399599046835363,True
M1039,48,ok,no_estacional_plano,auto_arima,0.7613617853070533,4.837541401965576,0.8808257620344896,True
M795,48,ok,estacional_plano,auto_sarima,1.669433962264151,1.1735849056603773,0.415885815727166,True
M1296,48,ok,no_estacional_con_tendencia,auto_arima,1.5840071877807727,6.17026055705301,1.365680186400027,True
M1175,48,ok,no_estacional_con_tendencia,linear_regression,0.4908566444604657,1.4017240154319615,0.3168738533504843,True
M1346,48,ok,estacional_plano,auto_ets,1.3001144523543124,0.6159267323734137,0.21277559895486056,True
M511,48,ok,estacional_con_tendencia,auto_sarima,1.1245206406496728,1.0856079404466499,0.7943189426379822,True
M149,48,ok,no_estacional_plano,holt,0.9474789915966386,1.5982726423902895,0.7857138442303941,True
M585,48,ok,no_estacional_plano,auto_arima,0.3151981076286221,4.798844561706773,0.462930339633169,True
M204,48,ok,no_estacional_plano,ses,1.126828038325769,1.1750714405782485,1.0252325291690294,True
M1046,48,ok,no_estacional_con_tendencia,naive,1.0047690921463148,4.368203157170556,1.0047690921463148,True
M1088,48,ok,no_estacional_con_tendencia,auto_arima,0.2642062097246632,7.1910410913047125,0.29251401790944853,True
M817,48,ok,no_estacional_plano,auto_arima,0.3368544600938967,1.278672032193159,0.297897874695143,True
M933,48,ok,estacional_con_tendencia,auto_sarima,2.006926722566533,2.5587445729625826,0.36925565007711864,True
M409,48,ok,no_estacional_plano,weighted_moving_average,0.6490106544901066,0.49299847792998475,0.7357534246575342,True
M1324,48,ok,estacional_con_tendencia,holt_winters,1.6252940144048875,1.5837546314238327,0.8744210095321793,True
M1353,48,ok,estacional_con_tendencia,auto_sarima,1.5237823981771577,0.8174309313585874,0.7924137038953575,False
M206,48,ok,no_estacional_plano,linear_regression,0.8263565891472868,1.5573643410852713,1.0581528736300359,False
M1041,48,ok,no_estacional_plano,auto_arima,1.7578499609454221,5.62404281269992,1.6599132154780303,False
M516,48,ok,no_estacional_plano,mean,0.5575585072738773,0.5640417457305503,0.8682001317508936,False
M201,48,ok,estacional_con_tendencia,holt,1.3660714285714286,1.0580357142857144,1.0682067905159018,False
M1143,48,ok,no_estacional_plano,holt,1.0519502859685337,4.758616009288643,1.46409443731726,False
M914,48,ok,no_estacional_con_tendencia,auto_arima,0.6972584105595998,2.145666573220225,0.9562122988379552,False
M100,48,ok,estacional_con_tendencia,auto_theta,1.0315265486725664,1.095132743362832,0.8075938670484153,False
M635,48,ok,no_estacional_plano,auto_arima,0.6668343393695506,2.9010731052984577,0.5277943379799873,False
M708,48,ok,estacional_plano,auto_ets,0.8564973971122679,0.7435418917591593,0.6319849599078039,False
M750,48,ok,estacional_plano,auto_sarima,0.8297469915846605,0.36347687837504455,0.23201347691097965,False
M1414,48,ok,no_estacional_con_tendencia,holt,1.1507840168770607,11.43391733351546,0.9743168945030236,False
M899,48,ok,no_estacional_con_tendencia,naive,1.2037867443182078,7.922056530337263,1.2037867443182078,False
M353,48,ok,no_estacional_plano,mean,0.5556516724336793,0.8275663206459055,0.5802642081426191,False
M223,48,ok,no_estacional_plano,linear_regression,0.4146877748460862,0.7031662269129287,0.36058648543647864,False
M362,48,ok,no_estacional_plano,holt,0.7220790378006872,1.0214776632302405,0.5633724832892839,False
M905,48,ok,no_estacional_plano,holt,0.38178801819996233,5.242852518837045,0.6372379475670019,False
M474,48,ok,no_estacional_plano,auto_arima,0.3472806011972997,0.561393453063304,0.38992458330284924,False
M460,48,ok,no_estacional_con_tendencia,naive,0.6584201388888888,0.9253472222222223,0.6584201388888888,False
M662,48,ok,estacional_con_tendencia,seasonal_naive,0.8502710027100271,1.0840108401084012,1.0840108401084012,False
M792,48,ok,no_estacional_plano,moving_average,1.679089583173409,2.2681609989508966,1.1457954845918306,False
M1177,48,ok,estacional_con_tendencia,seasonal_naive,0.9302752293577982,0.6899082568807339,0.6899082568807339,False
M604,48,ok,no_estacional_con_tendencia,moving_average,0.780130597069822,0.8596744206316778,0.5177535035355594,False
M1303,48,ok,no_estacional_plano,ses,1.2424242424242424,7.0995670995671,1.2253127735117557,False
M695,48,ok,estacional_con_tendencia,seasonal_naive,1.148095043015158,0.7394510446538304,0.7394510446538304,False
M745,48,ok,estacional_plano,auto_ets,1.8047405806053118,1.0291846819024089,0.8865113983162507,False
M932,48,ok,estacional_plano,holt_winters,2.9427613459465936,2.461860854987427,0.8121847799082269,False
M126,48,ok,no_estacional_plano,mean,0.4628884417616812,0.5087189805499664,0.5449443754041456,False
M1060,48,ok,no_estacional_con_tendencia,holt,0.5090716900164078,8.313975135680927,0.6396746199326321,False
M1366,48,ok,no_estacional_plano,weighted_moving_average,0.8271929824561403,3.057017543859649,0.9242982456140357,False
M547,48,ok,no_estacional_plano,naive,1.1750851305334846,3.067631479379493,1.1750851305334846,False
M267,48,ok,no_estacional_con_tendencia,auto_arima,1.386892177589852,1.069062720225511,0.8364473612886779,False
M623,48,ok,estacional_con_tendencia,holt_winters,1.206070287539936,0.830670926517572,0.7191288888101359,False
M764,48,ok,estacional_plano,auto_theta,2.142857142857143,1.7293233082706767,0.9717612520600122,False
M150,48,ok,no_estacional_plano,holt,0.22456964006259783,0.8341158059467918,0.19862249475865063,False
M380,48,ok,no_estacional_plano,auto_arima,1.5031288260100666,0.9853534666485285,0.7817296751901024,False
M709,48,ok,no_estacional_plano,linear_regression,0.7997362210190198,1.0131889490490074,0.6030226767664001,False
M450,48,ok,no_estacional_plano,auto_arima,0.6344912046314851,0.46559786239144957,0.5783883880352333,False
M802,48,ok,estacional_con_tendencia,holt_winters,1.8480814408770554,0.5716523101018011,0.523698843442456,False
M728,48,ok,no_estacional_plano,auto_arima,0.9962901131515489,1.1521981079577073,1.2964545854082496,False
M607,48,ok,no_estacional_plano,linear_regression,0.6200378071833648,2.1249212350346567,1.6704493494500163,False
M279,48,ok,estacional_con_tendencia,holt_winters,0.9893992932862191,1.1071849234393403,0.6050691536131448,False
M1121,48,ok,no_estacional_con_tendencia,naive,0.08928040946505321,0.6306738528711379,0.08928040946505321,False
M428,48,ok,estacional_plano,weighted_moving_average,0.8952287260206592,0.8976881455976391,0.82808657156911,False
M1035,48,ok,no_estacional_con_tendencia,ses,0.7022015095430243,1.0403702715621213,0.6980605158072227,False
M270,48,ok,no_estacional_con_tendencia,linear_regression,0.8291111111111111,1.2937777777777777,1.1844013392087627,False
M1073,48,ok,no_estacional_plano,naive,1.1431498307500445,3.875022269730982,1.1431498307500445,False
M587,48,ok,no_estacional_plano,weighted_moving_average,0.9695603156708005,0.6200676437429538,0.7798759864712513,False
M391,48,ok,estacional_plano,auto_arima,0.9401860166773572,0.9160786829163994,0.91128928010874,False
M225,48,ok,no_estacional_con_tendencia,weighted_moving_average,0.7017396184062851,0.6212121212121212,0.7696127946127946,False
M401,48,ok,estacional_plano,auto_arima,0.44826503375726173,0.5534620819594913,0.711175835236104,False
M1273,48,ok,no_estacional_plano,moving_average,0.7125668449197862,2.9648760330578514,0.8678698752228164,False
M891,48,ok,no_estacional_plano,naive,1.1281446540880502,4.029088050314465,1.1281446540880502,False
M1323,48,ok,no_estacional_con_tendencia,auto_theta,0.8158863404470101,0.9530769063698248,0.4986402024681029,False
M434,48,ok,no_estacional_plano,mean,0.7844628861226373,0.7372060857538036,0.7495147870835112,False
M142,48,ok,no_estacional_con_tendencia,holt,0.6972789115646258,1.1993197278911565,0.8006889267677798,False
M943,48,ok,estacional_plano,auto_sarima,0.5191107963058817,1.3489252731086714,0.48928947620911245,False
M493,48,ok,no_estacional_plano,auto_sarima,0.1564626401301858,1.6025982092928293,0.19065890819246617,False
M1256,48,ok,no_estacional_plano,naive,0.6843569441472288,0.8993152150652686,0.6843569441472288,False
M75,48,ok,no_estacional_con_tendencia,moving_average,0.28494208494208495,0.32847490347490343,0.3438652938652938,False
M539,48,ok,no_estacional_plano,naive,1.1196200653012764,2.5982487384980706,1.1196200653012764,False
M20,48,ok,no_estacional_con_tendencia,linear_regression,1.054749340369393,1.343227792436236,1.1221515641074695,False
M440,48,ok,no_estacional_plano,linear_regression,0.6591785045699814,0.9413610835811035,0.6502308691405652,False
M214,48,ok,no_estacional_con_tendencia,weighted_moving_average,0.6243654822335026,0.7655910079767948,0.7585297316896302,False
M1400,48,ok,no_estacional_con_tendencia,holt,0.7660131344548065,7.934730958566523,0.6086592879026426,False
M1378,48,ok,estacional_plano,mean,1.6059787788296587,0.8787512972022787,1.0491435161161131,False
M1396,48,ok,estacional_plano,auto_ets,1.9057815845824413,0.5781584582441114,0.48535614500651086,False
M72,48,ok,no_estacional_plano,mean,0.894526207074619,1.2332816937774336,0.8460029605062556,False
M276,48,ok,no_estacional_con_tendencia,ses,0.40221114917471196,0.515000519049102,0.27432168057807355,False
M522,48,ok,no_estacional_con_tendencia,ses,0.46621943096393564,1.172376058616424,1.3150398678508477,False
M609,48,ok,no_estacional_plano,weighted_moving_average,0.6052006215154009,1.5926332145142128,0.6448290832647839,False
M1080,48,ok,estacional_plano,auto_ets,0.5789473684210527,0.6842105263157895,0.23795885379793139,False
M636,48,ok,no_estacional_plano,mean,0.8029166666666667,0.9054166666666666,0.7035569265344638,False
M771,48,ok,no_estacional_plano,auto_sarima,0.8115849777211968,1.9414385741565883,0.5090564872197773,False
M1338,48,ok,estacional_plano,auto_ets,0.520745200130166,0.42914090465343313,0.35429589596201766,False
M1014,48,ok,no_estacional_plano,auto_arima,0.8781811790153664,3.218961931500677,1.0560236381777783,False
M725,48,ok,no_estacional_plano,holt,0.9699055304366467,2.0261315499088677,1.500453724883142,False
M666,48,ok,estacional_plano,auto_sarima,0.8426113360323888,1.3183198380566803,0.44493826279095133,False
M1251,48,ok,no_estacional_plano,holt,0.6357385446244641,2.30498023495351,1.3294218445139343,False
M615,48,ok,estacional_con_tendencia,moving_average,0.6506598240469208,0.6359970674486803,0.6472996089931574,False
M1011,48,ok,estacional_plano,holt_winters,0.7622641247230638,1.6882190875318166,0.5053909805651681,False
M689,48,ok,estacional_plano,auto_theta,7.45937318630296,0.9852002321532212,1.3943170760628272,False
M1307,48,ok,no_estacional_plano,naive,1.193121693121693,3.3624338624338623,1.193121693121693,False
M1155,48,ok,no_estacional_plano,weighted_moving_average,0.13877671288407953,0.32326693527130324,0.15481216551897714,False
M680,48,ok,estacional_plano,auto_sarima,0.5285118219749653,1.7524339360222532,0.5116013951767334,False
M533,48,ok,no_estacional_plano,naive,6.305467372134039,5.563080540858319,6.305467372134039,False
M1217,48,ok,no_estacional_plano,weighted_moving_average,0.6700165257333466,0.746067153042678,0.8787578789147588,False
M510,48,ok,estacional_plano,auto_sarima,1.705574912891986,2.0165505226480835,1.3788519836567428,False
M300,48,ok,no_estacional_con_tendencia,linear_regression,0.47861635220125787,0.8213836477987421,0.3382123648559333,False
M250,48,ok,no_estacional_con_tendencia,ses,0.9288600288600288,0.7927849927849928,0.6107977596496894,False
M816,48,ok,no_estacional_con_tendencia,holt,0.14763374485596706,4.165380658436214,0.11878899307842747,False
M369,48,ok,no_estacional_plano,mean,1.1781609195402298,0.997971602434077,1.0618573107148808,False
M880,48,ok,no_estacional_plano,naive,0.7805867665418227,3.2119225967540572,0.7805867665418227,False
M74,48,ok,no_estacional_con_tendencia,linear_regression,1.0935804701627487,0.8201853526220615,0.5969514626628978,False
M224,48,ok,no_estacional_con_tendencia,holt,1.2337962962962963,1.2337962962962963,0.6228167502790721,False
M1015,48,ok,no_estacional_plano,auto_arima,0.5261856960904949,1.5759018198303218,0.48685335756298426,False
M727,48,ok,estacional_plano,seasonal_naive,0.5738786279683378,0.2836411609498681,0.2836411609498681,False
M1265,48,ok,no_estacional_con_tendencia,auto_arima,1.8101735236495942,9.08816120906801,1.6780236194666915,False
M1190,48,ok,no_estacional_con_tendencia,naive,1.1288786174208294,4.983898419018688,1.1288786174208294,False
M346,48,ok,estacional_plano,weighted_moving_average,0.9838709677419355,0.8774193548387097,0.7367741935483874,False
M681,48,ok,estacional_plano,auto_ets,0.8282582216808769,0.4445797807551766,0.17150084631466248,False
M128,48,ok,no_estacional_plano,moving_average,0.6417089678510998,1.031937394247039,0.5318668922729836,False
M238,48,ok,no_estacional_con_tendencia,holt,1.0029569892473118,0.6392473118279569,0.6555561537278735,False
M565,48,ok,estacional_plano,seasonal_naive,1.3974663499604119,1.250989707046714,1.250989707046714,False
M490,48,ok,estacional_plano,weighted_moving_average,1.7798929570611846,1.058873616348376,1.6452226006568544,False
M829,48,ok,estacional_plano,auto_sarima,0.4824561403508772,0.37719298245614036,0.3456125265176237,False
M443,48,ok,no_estacional_con_tendencia,moving_average,0.5203501094091904,0.4754923413566739,0.4784828592268417,False
M762,48,ok,estacional_con_tendencia,seasonal_naive,0.6578094620868438,1.0628645495787425,1.0628645495787425,False
M1064,48,ok,estacional_con_tendencia,auto_theta,1.9871794871794872,2.264957264957265,0.279118360810406,False
M476,48,ok,estacional_plano,seasonal_naive,4.249966445035092,1.6968950197379717,1.6968950197379717,False
M935,48,ok,estacional_con_tendencia,auto_sarima,1.1694677914687426,1.6512821382572032,0.33529725976006713,False
M78,48,ok,no_estacional_con_tendencia,holt,0.5438596491228069,0.7631578947368421,0.6278926082082612,False
M87,48,ok,no_estacional_plano,linear_regression,1.565304755525787,1.7026121902210314,0.7993037510746352,False
M496,48,ok,estacional_con_tendencia,auto_theta,1.0,0.6851851851851851,0.6830394230824106,False
M535,48,ok,no_estacional_con_tendencia,linear_regression,0.5647682119205298,0.5086534216335541,0.36140121562215544,False
M110,48,ok,estacional_con_tendencia,ses,0.5642633228840126,1.1755485893416928,0.5194741196273303,False
M1074,48,ok,estacional_con_tendencia,mean,2.7941176470588234,1.2745098039215685,2.8400882274902948,False
M383,48,ok,estacional_con_tendencia,weighted_moving_average,0.6194498592159411,0.571799870045484,0.4701104613385313,False
M258,48,ok,no_estacional_con_tendencia,linear_regression,0.5844298245614036,0.8391812865497076,0.53651301940713,False
M736,48,ok,no_estacional_plano,ses,0.5151377535573721,0.9744171964880411,0.5115163412634728,False
M1282,48,ok,no_estacional_con_tendencia,holt,0.586552217453505,1.7889842632331903,0.6202221424954552,False
M64,48,ok,no_estacional_plano,mean,0.6091987365435442,0.5391607039257397,0.3553073488887157,False
M970,48,ok,no_estacional_con_tendencia,holt,0.7609966946351385,3.7085558098143907,0.5683693316098908,False
M394,48,ok,estacional_con_tendencia,holt_winters,0.8856259659969089,0.6877897990726429,0.9455947579627759,False
M747,48,ok,estacional_plano,seasonal_naive,1.4860005894488655,0.6147951665193044,0.6147951665193044,False
M132,48,ok,estacional_plano,mean,0.8896103896103896,1.2402597402597402,0.994771037590672,False
M216,48,ok,no_estacional_plano,linear_regression,0.9046095800524934,1.1635498687664043,1.0057751272238495,False
M85,48,ok,no_estacional_con_tendencia,naive,1.2589427033871479,2.336182336182336,1.2589427033871479,False
M1395,48,ok,estacional_plano,auto_sarima,1.6880341880341878,1.7094017094017095,1.3042885570285747,False
M979,48,ok,no_estacional_plano,holt,0.8618618618618619,5.609344638756404,0.8529219376356607,False
M135,48,ok,no_estacional_con_tendencia,auto_arima,1.1430303030303028,1.2672727272727273,0.8296126313934212,False
M812,48,ok,no_estacional_con_tendencia,linear_regression,0.37389504307933313,3.6059080228264517,0.593541695401863,False
M103,48,ok,no_estacional_con_tendencia,linear_regression,1.147582697201018,1.2606022052586938,0.8276433135983399,False
M303,48,ok,estacional_plano,holt,0.677570093457944,0.5529595015576324,0.6646820011990647,False
M1417,48,ok,no_estacional_con_tendencia,naive,0.6399599046835363,5.3706955965149135,0.6399599046835363,False
M1039,48,ok,no_estacional_plano,auto_arima,0.7613617853070533,4.837541401965576,0.8808257620344896,False
M795,48,ok,estacional_plano,auto_sarima,1.669433962264151,1.1735849056603773,0.415885815727166,False
M1296,48,ok,no_estacional_con_tendencia,auto_arima,1.5840071877807727,6.17026055705301,1.365680186400027,False
M1175,48,ok,no_estacional_con_tendencia,linear_regression,0.4908566444604657,1.4017240154319615,0.3168738533504843,False
M1346,48,ok,estacional_plano,auto_ets,1.3001144523543124,0.6159267323734137,0.21277559895486056,False
M511,48,ok,estacional_con_tendencia,auto_sarima,1.1245206406496728,1.0856079404466499,0.7943189426379822,False
M149,48,ok,no_estacional_plano,holt,0.9474789915966386,1.5982726423902895,0.7857138442303941,False
M585,48,ok,no_estacional_plano,weighted_moving_average,0.3151981076286221,4.798844561706773,0.37677675173239916,False
M204,48,ok,no_estacional_plano,ses,1.126828038325769,1.1750714405782485,1.0252325291690294,False
M1046,48,ok,no_estacional_con_tendencia,naive,1.0047690921463148,4.368203157170556,1.0047690921463148,False
M1088,48,ok,no_estacional_con_tendencia,auto_arima,0.2642062097246632,7.1910410913047125,0.29251401790944853,False
M817,48,ok,no_estacional_plano,auto_arima,0.3368544600938967,1.278672032193159,0.297897874695143,False
M933,48,ok,estacional_con_tendencia,auto_sarima,2.006926722566533,2.5587445729625826,0.36925565007711864,False
M409,48,ok,no_estacional_plano,weighted_moving_average,0.6490106544901066,0.49299847792998475,0.7357534246575342,False
M1324,48,ok,estacional_con_tendencia,holt_winters,1.6252940144048875,1.5837546314238327,0.8744210095321793,False
