unique_id,n_obs,estado,regimen,ganador,mase_naive,mase_seasonal_naive,mase_ganador,max_len,structural_filter
M1353,36,ok,estacional_plano,auto_arima,0.8439403829416884,0.45273063533507396,0.8821974552519528,36,True
M206,36,ok,no_estacional_plano,mean,1.0258503401360544,1.9333333333333333,1.22395180321116,36,True
M1041,36,ok,no_estacional_plano,holt,1.780659558206031,5.697019548134787,2.2816499077810493,36,True
M516,36,ok,no_estacional_plano,mean,0.6194734227521114,0.6266766020864382,1.0077201247964038,36,True
M201,36,ok,estacional_con_tendencia,ses,1.4849397590361446,1.1501004016064258,1.0854113670564793,36,True
M1143,36,ok,no_estacional_con_tendencia,auto_arima,1.2938729227676793,5.852980398782397,1.5711884658297475,36,True
M914,36,ok,no_estacional_con_tendencia,auto_arima,0.6717123389905395,2.0670538938854106,1.0079252477276561,36,True
M100,36,ok,no_estacional_plano,linear_regression,0.9264302843439534,0.9835560123329907,0.8628065935984984,36,True
M635,36,ok,no_estacional_con_tendencia,naive,0.5773809523809523,2.511904761904762,0.5773809523809523,36,True
M708,36,ok,estacional_con_tendencia,holt,0.8574237954768927,0.744346116027532,0.7900294894357225,36,True
M750,36,ok,estacional_plano,auto_arima,0.6031330516335154,0.2642069463052664,0.5817540000962274,36,True
M1414,36,ok,no_estacional_con_tendencia,holt,1.1881051042369344,11.804730814943305,0.9770784499443227,36,True
M899,36,ok,no_estacional_con_tendencia,naive,1.3467531920330336,8.862911117816397,1.3467531920330336,36,True
M353,36,ok,no_estacional_plano,mean,0.5162878787878787,0.768939393939394,0.501284103942497,36,True
M223,36,ok,no_estacional_plano,ses,0.4179197994987469,0.7086466165413534,0.3841009191671717,36,True
M362,36,ok,no_estacional_plano,holt,0.7958500669344043,1.1258366800535475,0.684706443022588,36,True
M905,36,ok,no_estacional_con_tendencia,auto_arima,0.40194731942791934,5.519687406739767,0.4057617841398068,36,True
M474,36,ok,no_estacional_plano,mean,0.6613511659807956,1.0691015089163238,0.9321427677905133,36,True
M460,36,ok,no_estacional_plano,naive,0.7658815132048536,1.0763740185581727,0.7658815132048536,36,True
M662,36,ok,estacional_con_tendencia,auto_arima,0.7660492527888866,0.976636497579457,0.682348613012136,36,True
M792,36,ok,no_estacional_con_tendencia,ses,1.5788856005714869,2.132802666938803,1.2823025471531087,36,True
M1177,36,ok,no_estacional_plano,auto_arima,0.7943273905996758,0.589086980010805,0.8215137649561636,36,True
M604,36,ok,no_estacional_plano,mean,0.7417974530710646,0.8174327453507721,0.6436393262062768,36,True
M1303,36,ok,no_estacional_plano,naive,1.6691967109424415,9.538266919671095,1.6691967109424415,36,True
M695,36,ok,estacional_plano,mean,0.41913565921456386,0.269951780511075,0.5663607772159256,36,True
M745,36,ok,estacional_plano,auto_arima,0.7880801246279762,0.4494163876488095,0.7760066258366946,36,True
M932,36,ok,estacional_con_tendencia,ses,1.342577417082057,1.123175955962971,0.9931183897120734,36,True
M126,36,ok,no_estacional_plano,auto_arima,0.4640367553865653,0.5099809885931559,0.5335117528528717,36,True
M1060,36,ok,no_estacional_con_tendencia,holt,0.656852587348184,10.727479422091752,0.8406368025434596,36,True
M1366,36,ok,no_estacional_plano,ses,0.9112021857923497,3.3674863387978147,0.9190742307439687,36,True
M547,36,ok,no_estacional_plano,naive,1.072108345534407,2.7988042947779403,1.072108345534407,36,True
M267,36,ok,no_estacional_plano,ses,1.4668071654373023,1.130663856691254,0.8898043800771589,36,True
M623,36,ok,estacional_plano,auto_arima,1.2103372028745163,0.8336097291321172,0.9623140970075414,36,True
M764,36,ok,estacional_plano,moving_average,1.483842010771993,1.1974865350089767,1.142529423498903,36,True
M150,36,ok,no_estacional_plano,ses,0.26798679867986797,0.9953795379537953,0.2865150885731289,36,True
M380,36,ok,estacional_plano,auto_arima,1.5166893071996894,0.9942428358884793,0.9567846401917686,36,True
M709,36,ok,no_estacional_con_tendencia,mean,0.7694995278564682,0.9748819641170916,0.9279500501002629,36,True
M450,36,ok,no_estacional_plano,auto_arima,0.5179902338730403,0.3801079414032382,0.4615084399103134,36,True
M802,36,ok,estacional_plano,ses,1.176551487020801,0.3639332989513495,1.166354060740308,36,True
M728,36,ok,no_estacional_plano,linear_regression,1.042249657064472,1.205349794238683,1.231921851664689,36,True
M607,36,ok,no_estacional_plano,linear_regression,0.5781931464174455,1.9815160955347872,1.5361018207342643,36,True
M279,36,ok,no_estacional_plano,weighted_moving_average,0.8962472406181016,1.002943340691685,0.6203044518027961,36,True
M1121,36,ok,no_estacional_con_tendencia,naive,0.6396195438892638,4.518251255044033,0.6396195438892638,36,True
M428,36,ok,estacional_plano,ses,0.691290111329404,0.6931892599869025,0.8265574181475062,36,True
M1035,36,ok,no_estacional_con_tendencia,ses,0.634688456594152,0.9403440365343503,0.6145578911497881,36,True
M270,36,ok,no_estacional_plano,ses,0.9125172890733058,1.4239280774550482,0.9241596893230403,36,True
M1073,36,ok,no_estacional_plano,naive,1.4518554062699935,4.92146513115803,1.4518554062699935,36,True
M587,36,ok,no_estacional_plano,ses,1.3948545861297539,0.8920581655480985,1.061879490477357,36,True
M391,36,ok,no_estacional_plano,mean,1.1902985074626864,1.159778032912361,1.4953514931154748,36,True
M225,36,ok,no_estacional_plano,weighted_moving_average,0.6539741219963032,0.578927911275416,0.7172273567467653,36,True
M401,36,ok,estacional_plano,auto_arima,0.5761656228253306,0.7113778705636743,0.6440973658488897,36,True
M1273,36,ok,no_estacional_plano,ses,0.6387861983980283,2.6578866296980896,0.6435628937804219,36,True
M891,36,ok,no_estacional_plano,naive,1.120309050772627,4.001103752759382,1.120309050772627,36,True
M1323,36,ok,no_estacional_con_tendencia,linear_regression,1.345469682352089,1.5717092184285741,0.7560816301492382,36,True
M434,36,ok,no_estacional_plano,mean,0.9511954159257063,0.893894487255483,0.8729246733134507,36,True
M142,36,ok,no_estacional_con_tendencia,holt,0.6852551984877127,1.1786389413988658,0.6521820486350517,36,True
M943,36,ok,estacional_plano,auto_arima,1.2799550645079099,3.3260023625877286,1.3932331433499567,36,True
M493,36,ok,no_estacional_plano,auto_arima,0.5899739503210059,6.04291986589999,1.1879940674739715,36,True
M1256,36,ok,no_estacional_plano,naive,0.6742175856929955,0.8859910581222057,0.6742175856929955,36,True
M75,36,ok,no_estacional_con_tendencia,holt,0.32533499532564664,0.3750389529448427,0.35783234611479453,36,True
M539,36,ok,no_estacional_plano,naive,0.992559523809524,2.3033854166666665,0.992559523809524,36,True
M20,36,ok,no_estacional_plano,linear_regression,1.1830543933054394,1.5066248256624826,1.347469768049718,36,True
M440,36,ok,no_estacional_plano,linear_regression,0.7346867950720112,1.0491931285788652,0.772895191592344,36,True
M214,36,ok,no_estacional_con_tendencia,weighted_moving_average,0.6310880829015544,0.7738341968911917,0.7666968911917098,36,True
M1400,36,ok,no_estacional_con_tendencia,holt,0.6807248310539964,7.051273859779729,0.6620667260467945,36,True
M1378,36,ok,no_estacional_plano,auto_arima,1.5091162319574578,0.825750541627979,0.9805906702020046,36,True
M1396,36,ok,estacional_con_tendencia,auto_arima,1.0217735550277118,0.30997624703087884,0.5741312649587887,36,True
M72,36,ok,no_estacional_con_tendencia,mean,0.9476024748646558,1.3064578499613302,1.0652549455610287,36,True
M276,36,ok,no_estacional_plano,auto_arima,0.4752861602497399,0.6085674644467569,0.2836178827004057,36,True
M522,36,ok,no_estacional_con_tendencia,naive,0.44006349206349205,1.1066031746031746,0.44006349206349205,36,True
M609,36,ok,no_estacional_plano,weighted_moving_average,0.5398224988473951,1.4205855232826188,0.5526077685569387,36,True
M1080,36,ok,estacional_plano,moving_average,0.6111111111111112,0.7222222222222222,0.7808641975308641,36,True
M636,36,ok,no_estacional_plano,mean,0.7942890442890443,0.8956876456876457,0.7913488068112766,36,True
M771,36,ok,estacional_con_tendencia,naive,0.7510664229128581,1.7966686979484054,0.7510664229128581,36,True
M1338,36,ok,estacional_plano,ses,0.8081437365584375,0.6659831604976969,0.8490968578902103,36,True
M1014,36,ok,no_estacional_plano,linear_regression,0.8983027243088112,3.2927171996051334,1.5321808759761852,36,True
M725,36,ok,no_estacional_plano,ses,0.8713967378113062,1.8203467941587104,1.729876690589507,36,True
M666,36,ok,estacional_con_tendencia,auto_arima,0.5983271375464684,0.9361214374225526,0.44587718601203796,36,True
M1251,36,ok,no_estacional_plano,auto_arima,1.1621699402834735,4.213648463918267,1.148644130290845,36,True
M615,36,ok,estacional_con_tendencia,holt,0.5228011375177737,0.5110197034328662,0.3364245465853619,36,True
M1011,36,ok,estacional_con_tendencia,holt,0.6344272623375975,1.4050932992786567,1.1685933134268685,36,True
M689,36,ok,estacional_plano,ses,2.355767711434296,0.3111391316988693,2.3498483235550642,36,True
M1307,36,ok,no_estacional_plano,naive,1.8333333333333333,5.166666666666666,1.8333333333333333,36,True
M1155,36,ok,no_estacional_plano,naive,1.0202888446010863,2.3766642185940534,1.0202888446010863,36,True
M680,36,ok,no_estacional_con_tendencia,naive,0.7527322404371585,2.4959016393442623,0.7527322404371585,36,True
M533,36,ok,no_estacional_plano,naive,6.234714003944774,5.5006574621959246,6.234714003944774,36,True
M1217,36,ok,no_estacional_plano,ses,0.8364759255090829,0.9314206267528201,0.8508208337402743,36,True
M510,36,ok,estacional_con_tendencia,auto_arima,1.1593368451141328,1.3707174649842786,0.9502881745628498,36,True
M300,36,ok,no_estacional_plano,linear_regression,0.7103450495686879,1.219067851165186,0.560222933837231,36,True
M250,36,ok,no_estacional_plano,mean,1.0825011887779363,0.923918212077984,0.6937996826994013,36,True
M816,36,ok,no_estacional_con_tendencia,auto_arima,0.15449010654490106,4.35882800608828,0.10271853755291857,36,True
M369,36,ok,no_estacional_plano,auto_arima,1.0374579124579122,0.8787878787878787,0.8947731159662863,36,True
M880,36,ok,no_estacional_con_tendencia,linear_regression,1.25997150997151,5.184472934472934,0.9407761747558646,36,True
M74,36,ok,no_estacional_con_tendencia,auto_arima,1.2049295774647888,0.9036971830985916,0.7096392037018919,36,True
M224,36,ok,no_estacional_plano,linear_regression,1.1689922480620154,1.1689922480620154,0.649378672096723,36,True
M1015,36,ok,no_estacional_plano,naive,0.5454991298845119,1.6337446606549597,0.5454991298845119,36,True
M727,36,ok,estacional_plano,naive,0.9241758241758241,0.4567765567765568,0.9241758241758241,36,True
M1265,36,ok,no_estacional_con_tendencia,holt,1.7767744441207887,8.920477716283134,1.6260224253231828,36,True
M1190,36,ok,no_estacional_plano,auto_arima,1.2473136567557666,5.506778555278515,0.8812439320246828,36,True
M346,36,ok,estacional_plano,naive,0.9283165407220823,0.8278757346767421,0.9283165407220823,36,True
M681,36,ok,estacional_plano,auto_arima,0.8237259816207185,0.44214703425229746,0.2897514017298568,36,True
M128,36,ok,no_estacional_plano,moving_average,0.6851851851851851,1.1018518518518519,0.5679012345679012,36,True
M238,36,ok,no_estacional_plano,mean,0.886760752688172,0.5651881720430108,0.49955506578848513,36,True
M565,36,ok,estacional_plano,moving_average,0.9606794294294295,0.859984984984985,0.798751876876877,36,True
M490,36,ok,estacional_con_tendencia,holt,1.679300724207527,0.9990304325458073,1.3410729997953035,36,True
M829,36,ok,estacional_con_tendencia,naive,0.8575268817204301,0.6704301075268817,0.8575268817204301,36,True
M443,36,ok,no_estacional_plano,linear_regression,0.5422308188265635,0.4954867827208253,0.33240431004847015,36,True
M762,36,ok,estacional_plano,ses,0.6455043859649122,1.0429824561403507,0.6794159259409853,36,True
M1064,36,ok,estacional_con_tendencia,naive,1.8052208835341366,2.0575635876840694,1.8052208835341366,36,True
M476,36,ok,estacional_con_tendencia,auto_arima,1.6649318963182023,0.6647616350867276,1.4223068545536233,36,True
M935,36,ok,estacional_con_tendencia,ses,1.0464609440240928,1.4775971410726463,1.0642019350883811,36,True
M78,36,ok,no_estacional_con_tendencia,linear_regression,0.5140080045740423,0.7212692967409948,0.5708702310745778,36,True
M87,36,ok,no_estacional_con_tendencia,linear_regression,1.3902439024390243,1.5121951219512195,0.7187732551459656,36,True
M496,36,ok,estacional_con_tendencia,weighted_moving_average,0.7733333333333333,0.5298765432098765,0.7411111111111085,36,True
M535,36,ok,no_estacional_con_tendencia,auto_arima,0.5471698113207547,0.492803580067731,0.5303239200793937,36,True
M110,36,ok,estacional_con_tendencia,ses,0.39908256880733944,0.8314220183486238,0.3676748647293505,36,True
M1074,36,ok,estacional_con_tendencia,mean,1.6798780487804879,0.766260162601626,1.562376914099808,36,True
M383,36,ok,estacional_plano,weighted_moving_average,0.9058540847531673,0.8361730013106159,0.6874672346002617,36,True
M258,36,ok,no_estacional_con_tendencia,linear_regression,0.5770408163265306,0.8285714285714286,0.37805403843565083,36,True
M736,36,ok,no_estacional_plano,ses,0.48952613382143584,0.925971120601993,0.4860847709103237,36,True
M1282,36,ok,no_estacional_con_tendencia,holt,0.6401766004415012,1.9525386313465782,0.6770392673776618,36,True
M64,36,ok,no_estacional_plano,ses,0.5427933414535121,0.48038976857490867,0.34815551197085887,36,True
M970,36,ok,no_estacional_con_tendencia,linear_regression,0.7666123483613977,3.7359225058844827,0.5898059738160452,36,True
M394,36,ok,estacional_con_tendencia,ses,0.9762072611913994,0.7581365291975091,0.9616564423277596,36,True
M747,36,ok,estacional_con_tendencia,auto_arima,0.7919171568149569,0.3276356979603332,1.1736643427902753,36,True
M132,36,ok,no_estacional_con_tendencia,mean,0.7584956090110729,1.0574646811760213,0.6966444188830312,36,True
M216,36,ok,no_estacional_plano,linear_regression,0.8576297273526825,1.1031222515391381,0.904759176812282,36,True
M85,36,ok,no_estacional_con_tendencia,naive,1.1809403862300587,2.1914357682619645,1.1809403862300587,36,True
M1395,36,ok,estacional_plano,auto_arima,0.9058916567813364,0.9173586397785687,0.31983798307480654,36,True
M979,36,ok,no_estacional_con_tendencia,linear_regression,0.9187965921192759,5.979898828541002,1.6531342281520185,36,True
M135,36,ok,no_estacional_con_tendencia,moving_average,1.0612569610182976,1.1766109785202865,0.6921241050119332,36,True
M812,36,ok,no_estacional_con_tendencia,linear_regression,0.29808298650523396,2.874763526295876,0.3166206458474632,36,True
M103,36,ok,no_estacional_con_tendencia,linear_regression,1.075885328836425,1.1818437324339517,0.8638937047655454,36,True
M303,36,ok,no_estacional_plano,holt,0.6580594679186229,0.537037037037037,0.4596810730586275,36,True
M1417,36,ok,no_estacional_con_tendencia,naive,0.6779028677993478,5.689121959531496,0.6779028677993478,36,True
M1039,36,ok,no_estacional_plano,naive,0.8191278493557977,5.2045754872811365,0.8191278493557977,36,True
M795,36,ok,estacional_plano,auto_arima,1.7255218420486336,1.213013772326232,1.2433827826170365,36,True
M1296,36,ok,no_estacional_con_tendencia,auto_arima,1.4533799533799534,5.661421911421911,1.2579491079510952,36,True
M1175,36,ok,no_estacional_con_tendencia,holt,0.5604318759905823,1.600407834864008,0.3202455353016555,36,True
M1346,36,ok,estacional_plano,holt,0.9332582504203334,0.4421293091550628,0.6800358043405111,36,True
M511,36,ok,estacional_con_tendencia,naive,0.8349360362701781,0.8060440671113805,0.8349360362701781,36,True
M149,36,ok,no_estacional_plano,weighted_moving_average,0.9079696394686907,1.5316255534471854,0.7378399746995572,36,True
M585,36,ok,no_estacional_plano,holt,0.3744651589242054,5.701176650366748,0.5532806276020745,36,True
M204,36,ok,no_estacional_plano,ses,1.0316579634464753,1.07582680591819,0.8940749070877029,36,True
M1046,36,ok,no_estacional_con_tendencia,naive,0.9631895073359727,4.187437173162831,0.9631895073359727,36,True
M1088,36,ok,no_estacional_plano,auto_arima,0.21992416408135126,5.985793076279116,0.24348746737578175,36,True
M817,36,ok,no_estacional_plano,auto_arima,0.33263108614232206,1.2626404494382022,0.2738755118125214,36,True
M933,36,ok,estacional_con_tendencia,linear_regression,1.1837273260399184,1.509201027279529,0.9478365779824081,36,True
M409,36,ok,no_estacional_con_tendencia,weighted_moving_average,0.557280118255728,0.4233185513673318,0.6317627494456762,36,True
M1324,36,ok,estacional_con_tendencia,naive,1.493555108854664,1.4553827184316661,1.493555108854664,36,True
