sku,n_obs,n_eval,perfil,incumbente_mase,incumbente_mape,incumbente_me,naive_mase,naive_mape,naive_me,herramienta_metodo,herramienta_mase,herramienta_mape,herramienta_me,mejora_vs_incumbente_pct,supera_incumbente,supera_naive
PRODUCTO-SINT-01,42,6,sin tendencia,0.6685097400288619,7.959692549074365,32.86166666666668,0.8995040141969951,10.95277610497416,11.539999999999964,ses,0.555602582634008,6.573076998463911,31.475031992818913,16.88938105673364,True,True
PRODUCTO-SINT-02,30,6,sin tendencia,0.7935965512436458,10.4421542547151,-4.384444444444512,0.8841483435815319,11.892710677635696,26.279999999999973,linear_regression,0.8032033850571821,10.76769855737685,-47.81891709866451,-1.210543795645464,False,True
PRODUCTO-SINT-03,30,6,sin tendencia,1.6891876977483267,16.896064918538293,286.8722222222222,1.3419875586005823,13.91544012416933,137.1233333333333,naive,1.3419875586005823,13.91544012416933,137.1233333333333,20.55426638558636,True,False
PRODUCTO-SINT-04,36,6,sin tendencia,1.1344675481360063,11.97651525412761,-109.03277777777782,0.9970753130335679,10.697130875414688,-29.73666666666668,naive,0.9970753130335679,10.697130875414688,-29.73666666666668,12.110724130291915,True,False
PRODUCTO-SINT-05,36,6,sin tendencia,0.337069081408152,104.8598113166684,-621.6449999999999,0.34295760335249736,101.69278170955349,-617.1116666666667,naive,0.34295760335249736,101.69278170955349,-617.1116666666667,-1.7469777767053736,False,False
PRODUCTO-SINT-06,36,6,sin tendencia,1.9188105725630777,17.20752251882093,95.35500000000025,2.1814575313099276,19.906036735537356,-39.32499999999997,ses,1.633377189012327,14.291714682743098,201.99134753772873,14.87553735799356,True,True
PRODUCTO-SINT-07,36,6,sin tendencia,0.4108716148119251,7.237210565535268,12.13333333333344,0.4879710003576189,8.698351024089947,19.596666666666653,naive,0.4879710003576189,8.698351024089947,19.596666666666653,-18.76483620826077,False,False
PRODUCTO-SINT-08,36,6,sin tendencia,1.3006131106581358,23.42106004689038,-726.045555555556,0.7682768293284961,13.460136650196228,-246.76666666666674,auto_arima,0.5327165594940115,10.142299197384572,135.55306356374945,59.041120289457446,True,True
PRODUCTO-SINT-09,36,6,sin tendencia,1.660919396827774,15.497326537896274,-74.39111111111116,1.0320219514933755,9.523648677264852,-24.831666666666667,naive,1.0320219514933755,9.523648677264852,-24.831666666666667,37.86441693290737,True,False
PRODUCTO-SINT-10,36,6,sin tendencia,0.9805437716344436,147.48293563061338,267.4327777777778,0.9692478390237902,135.45857593711528,265.8466666666667,ses,0.8458584193216133,158.51826611764264,102.92161195344075,13.735781737548207,True,True
PRODUCTO-SINT-11,36,6,sin tendencia,0.7617057892328353,7.3070052140976545,43.354444444444425,1.3352627591302269,12.854284957273219,79.71666666666663,naive,1.3352627591302269,12.854284957273219,79.71666666666663,-75.2990167601403,False,False
PRODUCTO-SINT-12,30,6,sin tendencia,0.828568874122526,17.808414155974265,-15.158888888888887,0.7254111632713095,14.677888531026055,0.36999999999999506,holt,0.741413441459981,13.916975611715943,82.80080380446962,10.518791543412085,True,False
PRODUCTO-SINT-13,42,6,sin tendencia+estacional,0.9556531939386569,15.203048976567516,930.3733333333334,0.5552160992393338,9.010289571755393,325.1666666666667,auto_sarima,0.13186927318292033,2.010747035943352,137.51699423421255,86.20113718875041,True,True
PRODUCTO-SINT-14,30,6,sin tendencia,1.4316739777534078,13.506898564253826,365.5350000000001,0.8099574390307591,7.725768017550521,179.105,naive,0.8099574390307591,7.725768017550521,179.105,43.4258461342051,True,False
PRODUCTO-SINT-15,36,6,sin tendencia,0.828908907709072,176.19418278410882,681.5394444444446,0.6180270169900075,157.66650845716657,16.896666666666686,linear_regression,0.7602601633994206,150.0104630007596,916.8986306114838,8.281820073496608,True,False
PRODUCTO-SINT-16,36,6,sin tendencia,0.6480544914100912,6.901532924570637,-118.5977777777777,0.7126222324881549,7.425776426592661,-148.4666666666667,auto_arima,0.47391081947760105,4.847720273068586,107.15338841346943,26.871763754553072,True,True
PRODUCTO-SINT-17,42,6,tendencia,0.7019384300163949,15.62701711851878,-2.5161111111111722,0.9294737396011646,20.763885331859655,55.89166666666665,auto_arima,0.8481440250573115,17.990025751953972,116.55842660949838,-20.828834665385354,False,True
PRODUCTO-SINT-18,36,6,sin tendencia,1.1172085395818683,20.39083713331683,-489.34388888888867,0.7382824444661755,13.099190274898135,-178.58166666666662,auto_arima,0.9328524446645505,17.407969266755533,-346.5712114099244,16.501493533724307,True,False
PRODUCTO-SINT-19,42,6,sin tendencia+estacional,1.4514956097205525,12.569286738981802,347.5394444444444,1.5021532407913434,12.860242257981078,178.795,auto_arima,1.056256183849306,8.790515600860704,356.2489882126551,27.2298051213079,True,True
PRODUCTO-SINT-20,42,6,sin tendencia,1.9350562868056198,204.59073684565035,441.0705555555555,2.410206136062141,293.27466868539494,-0.7400000000000849,auto_arima,1.6699016225949999,96.32843709595043,1532.6763102979696,13.702684827237547,True,True
PRODUCTO-SINT-21,36,6,sin tendencia,0.796267073259192,9.84853201253076,-82.17222222222226,1.1304713331613578,13.864566419160978,-29.136666666666617,ses,0.763347338661561,9.655558625239824,-180.1262495167318,4.134257927166017,True,True
PRODUCTO-SINT-22,42,6,sin tendencia,0.8875562633941075,7.844869348510721,-111.75999999999999,0.9876814921931484,8.912688275884694,-18.341666666666697,auto_arima,0.7251195006517699,6.686429856898841,-160.97932889483226,18.30157359502625,True,True
PRODUCTO-SINT-23,36,6,sin tendencia,1.0618382601595626,17.293582354821723,-262.94444444444434,0.9904839613952188,16.28456824222404,-101.84666666666665,auto_arima,0.7959354976404756,13.577343584971842,-88.34003942884878,25.04173869936932,True,True
PRODUCTO-SINT-24,36,6,sin tendencia,1.0541603524357246,14.233971267174706,-497.33222222222213,0.7403450229572384,10.300371656902003,-147.875,auto_arima,0.7093430166857001,9.279210313753893,289.59743949072754,32.71014081997066,True,True
PRODUCTO-SINT-25,30,6,sin tendencia,0.8322051841830741,177.8421363756118,-518.5977777777777,1.1133157017691562,197.28205816481895,-24.214999999999993,ses,0.6468212508753979,79.17354261877364,660.6922546581256,22.27622908762056,True,True
PRODUCTO-SINT-26,30,6,tendencia,0.7505056064293242,6.944086497256485,-14.851111111111114,1.0469865856812262,9.579580250666844,-7.966666666666659,ses,0.8711733995780715,8.04291898014267,-11.981450572469953,-16.078200098044267,False,True
PRODUCTO-SINT-27,36,6,tendencia,1.603108127997473,11.870112202781096,-59.26944444444439,0.8813821939346944,6.681757011742278,-54.90166666666664,naive,0.8813821939346944,6.681757011742278,-54.90166666666664,45.02041512098904,True,False
PRODUCTO-SINT-28,42,6,sin tendencia+estacional,1.8413009759706016,13.570779817692289,213.83388888888894,1.2977593242179108,10.313934710237655,129.73333333333332,seasonal_naive,1.4840289211826185,10.568635682396717,38.200000000000045,19.403240396353723,True,False
PRODUCTO-SINT-29,30,6,sin tendencia,1.0006190886846296,9.718687064280026,190.8988888888889,0.6849252255852598,6.961904325461611,54.93666666666669,auto_arima,0.8982433094507233,8.747720984619113,154.9229685650109,10.231243876077263,True,False
PRODUCTO-SINT-30,36,6,sin tendencia,0.2986957324948825,65.31540816881247,-220.28055555555548,0.17644705700632463,34.38388239427799,-15.178333333333322,naive,0.17644705700632463,34.38388239427799,-15.178333333333322,40.92749316083796,True,False
PRODUCTO-SINT-31,30,6,sin tendencia,0.7761201092359772,8.027887398298066,-22.49666666666667,0.983962698682372,10.011909502237502,-3.955000000000003,naive,0.983962698682372,10.011909502237502,-3.955000000000003,-26.77969388668434,False,False
PRODUCTO-SINT-32,42,6,tendencia,0.8288756169419248,4.166792198006917,-24.44833333333342,1.0158045322686873,5.117146264407536,9.948333333333267,linear_regression,0.8630230489533472,4.416624958832357,-106.43022360521611,-4.11972934339737,False,True
PRODUCTO-SINT-33,42,6,tendencia+estacional,0.6977553985670626,19.320371052942996,343.04,0.4447706032661074,12.366536034855853,99.5166666666667,auto_theta,0.47450548067003334,13.211785214991542,147.69124842006286,31.995441146783513,True,False
PRODUCTO-SINT-34,42,6,sin tendencia+estacional,1.7891838399119948,14.508483907132272,364.04722222222216,0.9967968564342355,8.19886419518739,142.07000000000002,holt_winters,0.6266450545819844,5.132279348958665,77.65443710932755,64.9759269783698,True,True
PRODUCTO-SINT-35,42,6,sin tendencia,1.0632283534754283,187.2683591402154,267.6322222222222,1.0790010294875345,168.46675758025216,477.17333333333335,auto_arima,0.8199014902629271,135.01078969984619,235.28835812645377,22.88566349995524,True,True
PRODUCTO-SINT-36,42,6,sin tendencia,0.48519605728380216,5.832329757661183,30.068888888888978,0.5147304778964674,6.207710509378916,-17.636666666666617,linear_regression,0.3861675503787173,4.674486443375211,3.255077187490618,20.40999827151539,True,True
PRODUCTO-SINT-37,36,6,sin tendencia,0.521310759379198,2.891081339991625,51.902777777777864,0.6890509010725129,3.8661472755419304,29.910000000000007,linear_regression,0.3159193955761015,1.760147156966373,0.2119867626774976,39.39902641711951,True,True
PRODUCTO-SINT-38,42,6,sin tendencia+estacional,2.474242058285298,16.11331167580353,252.52888888888887,1.5588978320897706,9.986576666968448,84.77166666666669,seasonal_naive,0.9711663370085313,6.160451787368021,-123.97666666666662,60.74893587082704,True,True
PRODUCTO-SINT-39,42,6,tendencia+estacional,1.7846549623912846,12.57043763438298,378.7799999999999,1.3803953387339964,9.757145873947609,180.58499999999995,auto_sarima,1.2816858763790113,9.053307345461224,71.71406886061588,28.182987558465523,True,True
PRODUCTO-SINT-40,42,6,sin tendencia,0.4885920046987827,205.52212680137686,-2455.5666666666666,0.5028343914930542,158.97826242404685,-2408.031666666667,ses,0.3360502797098061,136.44267975765845,-1823.7556215940685,31.220675639794532,True,True
